year,month,date,region,district,market,latitude,longitude,category,commodity,unit,priceflag,pricetype,currency,price,usdprice
2003,july,7/15/2003,Southern Region,Blantyre,Lunzu,-15.6528104,35.0207804,cereals and tubers,Maize (new harvest),KG,actual,Retail,MWK,10.85,0.1163
2003,august,8/15/2003,Southern Region,Blantyre,Lunzu,-15.6528104,35.0207804,cereals and tubers,Maize (new harvest),KG,actual,Retail,MWK,8.5,0.0831
2003,september,9/15/2003,Southern Region,Blantyre,Lunzu,-15.6528104,35.0207804,cereals and tubers,Maize (new harvest),KG,actual,Retail,MWK,9.33,0.0863
2003,october,10/15/2003,Southern Region,Blantyre,Lunzu,-15.6528104,35.0207804,cereals and tubers,Maize (new harvest),KG,actual,Retail,MWK,17.36,0.1604
2003,november,11/15/2003,Southern Region,Blantyre,Lunzu,-15.6528104,35.0207804,cereals and tubers,Maize (new harvest),KG,actual,Retail,MWK,16.67,0.1544
2003,december,12/15/2003,Southern Region,Blantyre,Lunzu,-15.6528104,35.0207804,cereals and tubers,Maize (new harvest),KG,actual,Retail,MWK,14.43,0.1378
2004,january,1/15/2004,Southern Region,Blantyre,Lunzu,-15.6528104,35.0207804,cereals and tubers,Maize (new harvest),KG,actual,Retail,MWK,20.69,0.1966
2004,march,3/15/2004,Southern Region,Blantyre,Lunzu,-15.6528104,35.0207804,cereals and tubers,Maize (new harvest),KG,actual,Retail,MWK,22.59,0.2146
2004,april,4/15/2004,Southern Region,Blantyre,Lunzu,-15.6528104,35.0207804,cereals and tubers,Maize (new harvest),KG,actual,Retail,MWK,17.74,0.1665
2004,may,5/15/2004,Southern Region,Blantyre,Lunzu,-15.6528104,35.0207804,cereals and tubers,Maize (new harvest),KG,actual,Retail,MWK,13.62,0.125
2004,june,6/15/2004,Southern Region,Blantyre,Lunzu,-15.6528104,35.0207804,cereals and tubers,Maize (new harvest),KG,actual,Retail,MWK,15.23,0.143
2004,july,7/15/2004,Southern Region,Blantyre,Lunzu,-15.6528104,35.0207804,cereals and tubers,Maize (new harvest),KG,actual,Retail,MWK,15.88,0.1502
2004,august,8/15/2004,Southern Region,Blantyre,Lunzu,-15.6528104,35.0207804,cereals and tubers,Maize (new harvest),KG,actual,Retail,MWK,18.12,0.1663
2004,september,9/15/2004,Southern Region,Blantyre,Lunzu,-15.6528104,35.0207804,cereals and tubers,Maize (new harvest),KG,actual,Retail,MWK,19.19,0.1814
2004,october,10/15/2004,Southern Region,Blantyre,Lunzu,-15.6528104,35.0207804,cereals and tubers,Maize (new harvest),KG,actual,Retail,MWK,17.45,0.165
2004,november,11/15/2004,Southern Region,Blantyre,Lunzu,-15.6528104,35.0207804,cereals and tubers,Maize (new harvest),KG,actual,Retail,MWK,16.89,0.1597
2004,december,12/15/2004,Southern Region,Blantyre,Lunzu,-15.6528104,35.0207804,cereals and tubers,Maize (new harvest),KG,actual,Retail,MWK,21.78,0.206
2005,january,1/15/2005,Southern Region,Blantyre,Lunzu,-15.6528104,35.0207804,cereals and tubers,Maize (new harvest),KG,actual,Retail,MWK,19.82,0.1819
2005,february,2/15/2005,Southern Region,Blantyre,Lunzu,-15.6528104,35.0207804,cereals and tubers,Maize (new harvest),KG,actual,Retail,MWK,20.4,0.1974
2005,march,3/15/2005,Southern Region,Blantyre,Lunzu,-15.6528104,35.0207804,cereals and tubers,Maize (new harvest),KG,actual,Retail,MWK,15.37,0.1423
2005,april,4/15/2005,Southern Region,Blantyre,Lunzu,-15.6528104,35.0207804,cereals and tubers,Maize (new harvest),KG,actual,Retail,MWK,16.13,0.1495
2005,may,5/15/2005,Southern Region,Blantyre,Lunzu,-15.6528104,35.0207804,cereals and tubers,Maize (new harvest),KG,actual,Retail,MWK,17.82,0.1524
2005,june,6/15/2005,Southern Region,Blantyre,Lunzu,-15.6528104,35.0207804,cereals and tubers,Maize (new harvest),KG,actual,Retail,MWK,21.93,0.1825
2005,july,7/15/2005,Southern Region,Blantyre,Lunzu,-15.6528104,35.0207804,cereals and tubers,Maize (new harvest),KG,actual,Retail,MWK,23.8,0.1967
2005,august,8/15/2005,Southern Region,Blantyre,Lunzu,-15.6528104,35.0207804,cereals and tubers,Maize (new harvest),KG,actual,Retail,MWK,24.27,0.1998
2005,september,9/15/2005,Southern Region,Blantyre,Lunzu,-15.6528104,35.0207804,cereals and tubers,Maize (new harvest),KG,actual,Retail,MWK,26.89,0.2174
2005,october,10/15/2005,Southern Region,Blantyre,Lunzu,-15.6528104,35.0207804,cereals and tubers,Maize (new harvest),KG,actual,Retail,MWK,33.31,0.2699
2005,november,11/15/2005,Southern Region,Blantyre,Lunzu,-15.6528104,35.0207804,cereals and tubers,Maize (new harvest),KG,actual,Retail,MWK,38.24,0.3148
2005,december,12/15/2005,Southern Region,Blantyre,Lunzu,-15.6528104,35.0207804,cereals and tubers,Maize (new harvest),KG,actual,Retail,MWK,39.01,0.3306
2006,january,1/15/2006,Southern Region,Blantyre,Lunzu,-15.6528104,35.0207804,cereals and tubers,Maize (new harvest),KG,actual,Retail,MWK,45.87,0.3628
2006,february,2/15/2006,Southern Region,Blantyre,Lunzu,-15.6528104,35.0207804,cereals and tubers,Maize (new harvest),KG,actual,Retail,MWK,62.91,0.473
2006,march,3/15/2006,Southern Region,Blantyre,Lunzu,-15.6528104,35.0207804,cereals and tubers,Maize (new harvest),KG,actual,Retail,MWK,48.06,0.3755
2006,april,4/15/2006,Southern Region,Blantyre,Lunzu,-15.6528104,35.0207804,cereals and tubers,Maize (new harvest),KG,actual,Retail,MWK,22.5,0.1658
2006,may,5/15/2006,Southern Region,Blantyre,Lunzu,-15.6528104,35.0207804,cereals and tubers,Maize (new harvest),KG,actual,Retail,MWK,16.8,0.1251
2006,june,6/15/2006,Southern Region,Blantyre,Lunzu,-15.6528104,35.0207804,cereals and tubers,Maize (new harvest),KG,actual,Retail,MWK,19.04,0.14
2006,july,7/15/2006,Southern Region,Blantyre,Lunzu,-15.6528104,35.0207804,cereals and tubers,Maize (new harvest),KG,actual,Retail,MWK,20.45,0.1475
2006,august,8/15/2006,Southern Region,Blantyre,Lunzu,-15.6528104,35.0207804,cereals and tubers,Maize (new harvest),KG,actual,Retail,MWK,20.2,0.1545
2006,september,9/15/2006,Southern Region,Blantyre,Lunzu,-15.6528104,35.0207804,cereals and tubers,Maize (new harvest),KG,actual,Retail,MWK,20.67,0.1543
2006,october,10/15/2006,Southern Region,Blantyre,Lunzu,-15.6528104,35.0207804,cereals and tubers,Maize (new harvest),KG,actual,Retail,MWK,22,0.1594
2006,november,11/15/2006,Southern Region,Blantyre,Lunzu,-15.6528104,35.0207804,cereals and tubers,Maize (new harvest),KG,actual,Retail,MWK,22.2,0.167
2006,december,12/15/2006,Southern Region,Blantyre,Lunzu,-15.6528104,35.0207804,cereals and tubers,Maize (new harvest),KG,actual,Retail,MWK,24,0.1788
2007,january,1/15/2007,Southern Region,Blantyre,Lunzu,-15.6528104,35.0207804,cereals and tubers,Maize (new harvest),KG,actual,Retail,MWK,22.73,0.1699
2007,february,2/15/2007,Southern Region,Blantyre,Lunzu,-15.6528104,35.0207804,cereals and tubers,Maize (new harvest),KG,actual,Retail,MWK,19,0.1411
2007,march,3/15/2007,Southern Region,Blantyre,Lunzu,-15.6528104,35.0207804,cereals and tubers,Maize (new harvest),KG,actual,Retail,MWK,19.33,0.1431
2007,april,4/15/2007,Southern Region,Blantyre,Lunzu,-15.6528104,35.0207804,cereals and tubers,Maize (new harvest),KG,actual,Retail,MWK,13.52,0.0965
2007,may,5/15/2007,Southern Region,Blantyre,Lunzu,-15.6528104,35.0207804,cereals and tubers,Maize (new harvest),KG,actual,Retail,MWK,9.5,0.0701
2007,june,6/15/2007,Southern Region,Blantyre,Lunzu,-15.6528104,35.0207804,cereals and tubers,Maize (new harvest),KG,actual,Retail,MWK,10,0.0732
2007,july ,7/15/2007,Southern Region,Blantyre,Lunzu,-15.6528104,35.0207804,cereals and tubers,Maize (new harvest),KG,actual,Retail,MWK,15.75,0.1123
2007,august,8/15/2007,Southern Region,Blantyre,Lunzu,-15.6528104,35.0207804,cereals and tubers,Maize (new harvest),KG,actual,Retail,MWK,15.4,0.1119
2007,september,9/15/2007,Southern Region,Blantyre,Lunzu,-15.6528104,35.0207804,cereals and tubers,Maize (new harvest),KG,actual,Retail,MWK,16.25,0.1162
2007,october,10/15/2007,Southern Region,Blantyre,Lunzu,-15.6528104,35.0207804,cereals and tubers,Maize (new harvest),KG,actual,Retail,MWK,25.2,0.1835
2007,november,11/15/2007,Southern Region,Blantyre,Lunzu,-15.6528104,35.0207804,cereals and tubers,Maize (new harvest),KG,actual,Retail,MWK,29.25,0.2132
2007,december,12/15/2007,Southern Region,Blantyre,Lunzu,-15.6528104,35.0207804,cereals and tubers,Maize (new harvest),KG,actual,Retail,MWK,34.83,0.2486
2008,january,1/15/2008,Southern Region,Blantyre,Lunzu,-15.6528104,35.0207804,cereals and tubers,Maize (new harvest),KG,actual,Retail,MWK,38.12,0.2752
2008,february,2/15/2008,Southern Region,Blantyre,Lunzu,-15.6528104,35.0207804,cereals and tubers,Maize (new harvest),KG,actual,Retail,MWK,47.5,0.3447
2008,march,3/15/2008,Southern Region,Blantyre,Lunzu,-15.6528104,35.0207804,cereals and tubers,Maize (new harvest),KG,actual,Retail,MWK,35,0.2491
2008,april,4/15/2008,Southern Region,Blantyre,Lunzu,-15.6528104,35.0207804,cereals and tubers,Maize (new harvest),KG,actual,Retail,MWK,31,0.224
2008,may,5/15/2008,Southern Region,Blantyre,Lunzu,-15.6528104,35.0207804,cereals and tubers,Maize (new harvest),KG,actual,Retail,MWK,27.5,0.1987
2008,june,6/15/2008,Southern Region,Blantyre,Lunzu,-15.6528104,35.0207804,cereals and tubers,Maize (new harvest),KG,actual,Retail,MWK,38.67,0.2752
2008,july ,7/15/2008,Southern Region,Blantyre,Lunzu,-15.6528104,35.0207804,cereals and tubers,Maize (new harvest),KG,actual,Retail,MWK,55.2,0.3973
2008,august,8/15/2008,Southern Region,Blantyre,Lunzu,-15.6528104,35.0207804,cereals and tubers,Maize (new harvest),KG,actual,Retail,MWK,66.79,0.4685
2008,september,9/15/2008,Southern Region,Blantyre,Lunzu,-15.6528104,35.0207804,cereals and tubers,Maize (new harvest),KG,actual,Retail,MWK,74.1,0.5411
2008,october,10/15/2008,Southern Region,Blantyre,Lunzu,-15.6528104,35.0207804,cereals and tubers,Maize (new harvest),KG,actual,Retail,MWK,55.62,0.3946
2008,november,11/15/2008,Southern Region,Blantyre,Lunzu,-15.6528104,35.0207804,cereals and tubers,Maize (new harvest),KG,actual,Retail,MWK,60.26,0.4286
2008,december,12/15/2008,Southern Region,Blantyre,Lunzu,-15.6528104,35.0207804,cereals and tubers,Maize (new harvest),KG,actual,Retail,MWK,78.16,0.5524
2009,january,1/15/2009,Southern Region,Blantyre,Lunzu,-15.6528104,35.0207804,cereals and tubers,Maize (new harvest),KG,actual,Retail,MWK,78.16,0.5643
2009,february,2/15/2009,Southern Region,Blantyre,Lunzu,-15.6528104,35.0207804,cereals and tubers,Maize (new harvest),KG,actual,Retail,MWK,79.86,0.568
2009,april,4/15/2009,Southern Region,Blantyre,Lunzu,-15.6528104,35.0207804,cereals and tubers,Maize (new harvest),KG,actual,Retail,MWK,32.43,0.229
2009,may,5/15/2009,Southern Region,Blantyre,Lunzu,-15.6528104,35.0207804,cereals and tubers,Maize (new harvest),KG,actual,Retail,MWK,31.95,0.2307
2009,june,6/15/2009,Southern Region,Blantyre,Lunzu,-15.6528104,35.0207804,cereals and tubers,Maize (new harvest),KG,actual,Retail,MWK,43.81,0.3094
2009,october,10/15/2009,Southern Region,Blantyre,Lunzu,-15.6528104,35.0207804,cereals and tubers,Maize (new harvest),KG,actual,Retail,MWK,42.88,0.3041
2009,november,11/15/2009,Southern Region,Blantyre,Lunzu,-15.6528104,35.0207804,cereals and tubers,Maize (new harvest),KG,actual,Retail,MWK,43.69,0.3076
2010,january,1/15/2010
2010,february,2/15/2010
2010,march,3/15/2010
2010,april,4/15/2010,Southern Region,Blantyre,Lunzu,-15.6528104,35.0207804,cereals and tubers,Maize (new harvest),KG,actual,Retail,MWK,39.67,0.2644
2010,june,6/15/2010,Southern Region,Blantyre,Lunzu,-15.6528104,35.0207804,cereals and tubers,Maize (new harvest),KG,actual,Retail,MWK,30.65,0.2043
2010,july,7/15/2010,Southern Region,Blantyre,Lunzu,-15.6528104,35.0207804,cereals and tubers,Maize (new harvest),KG,actual,Retail,MWK,30.65,0.2043
2010,august,8/15/2010,Southern Region,Blantyre,Lunzu,-15.6528104,35.0207804,cereals and tubers,Maize (new harvest),KG,actual,Retail,MWK,31.42,0.2084
2010,september,9/15/2010,Southern Region,Blantyre,Lunzu,-15.6528104,35.0207804,cereals and tubers,Maize (new harvest),KG,actual,Retail,MWK,31.84,0.2116
2010,october,10/15/2010,Southern Region,Blantyre,Lunzu,-15.6528104,35.0207804,cereals and tubers,Maize (new harvest),KG,actual,Retail,MWK,30.05,0.1997
2010,november,11/15/2010,Southern Region,Blantyre,Lunzu,-15.6528104,35.0207804,cereals and tubers,Maize (new harvest),KG,actual,Retail,MWK,28.97,0.1931
2010,december,12/15/2010,Southern Region,Blantyre,Lunzu,-15.6528104,35.0207804,cereals and tubers,Maize (new harvest),KG,actual,Retail,MWK,31.27,0.2085
2011,january,1/15/2011,Southern Region,Blantyre,Lunzu,-15.6528104,35.0207804,cereals and tubers,Maize (new harvest),KG,actual,Retail,MWK,30.71,0.2037
2011,february,2/15/2011,Southern Region,Blantyre,Lunzu,-15.6528104,35.0207804,cereals and tubers,Maize (new harvest),KG,actual,Retail,MWK,35.14,0.2342
2011,march,3/15/2011,Southern Region,Blantyre,Lunzu,-15.6528104,35.0207804,cereals and tubers,Maize (new harvest),KG,actual,Retail,MWK,39.6,0.2626
2011,april,4/15/2011,Southern Region,Blantyre,Lunzu,-15.6528104,35.0207804,cereals and tubers,Maize (new harvest),KG,actual,Retail,MWK,30.23,0.2002
2011,may,5/15/2011,Southern Region,Blantyre,Lunzu,-15.6528104,35.0207804,cereals and tubers,Maize (new harvest),KG,actual,Retail,MWK,27.8,0.1843
2011,june,6/15/2011,Southern Region,Blantyre,Lunzu,-15.6528104,35.0207804,cereals and tubers,Maize (new harvest),KG,actual,Retail,MWK,27.63,0.1841
2011,july,7/15/2011
2011,august,8/15/2011,Southern Region,Blantyre,Lunzu,-15.6528104,35.0207804,cereals and tubers,Maize (new harvest),KG,actual,Retail,MWK,34.6,0.211
2011,august,9/15/2011
2011,october,10/15/2011,Southern Region,Blantyre,Lunzu,-15.6528104,35.0207804,cereals and tubers,Maize (new harvest),KG,actual,Retail,MWK,40.85,0.2448
2011,november,11/15/2011,Southern Region,Blantyre,Lunzu,-15.6528104,35.0207804,cereals and tubers,Maize (new harvest),KG,actual,Retail,MWK,42.7,0.2594
2011,december,12/15/2011,Southern Region,Blantyre,Lunzu,-15.6528104,35.0207804,cereals and tubers,Maize (new harvest),KG,actual,Retail,MWK,45.7,0.2822
2012,january,1/15/2012,Southern Region,Blantyre,Lunzu,-15.6528104,35.0207804,cereals and tubers,Maize (new harvest),KG,actual,Retail,MWK,62.89,0.3799
2012,february,2/15/2012,Southern Region,Blantyre,Lunzu,-15.6528104,35.0207804,cereals and tubers,Maize (new harvest),KG,actual,Retail,MWK,50.25,0.3045
2012,march,3/15/2012,Southern Region,Blantyre,Lunzu,-15.6528104,35.0207804,cereals and tubers,Maize (new harvest),KG,actual,Retail,MWK,49.46,0.3009
2012,april,4/15/2012,Southern Region,Blantyre,Lunzu,-15.6528104,35.0207804,cereals and tubers,Maize (new harvest),KG,actual,Retail,MWK,41.09,0.2462
2012,may,5/15/2012,Southern Region,Blantyre,Lunzu,-15.6528104,35.0207804,cereals and tubers,Maize (new harvest),KG,actual,Retail,MWK,43.8,0.1759
2012,june,6/15/2012,Southern Region,Blantyre,Lunzu,-15.6528104,35.0207804,cereals and tubers,Maize (new harvest),KG,actual,Retail,MWK,64,0.2392
2012,july,7/15/2012,Southern Region,Blantyre,Lunzu,-15.6528104,35.0207804,cereals and tubers,Maize (new harvest),KG,actual,Retail,MWK,62.16,0.2271
2012,august,8/15/2012,Southern Region,Blantyre,Lunzu,-15.6528104,35.0207804,cereals and tubers,Maize (new harvest),KG,actual,Retail,MWK,67.65,0.2528
2012,september,9/15/2012,Southern Region,Blantyre,Lunzu,-15.6528104,35.0207804,cereals and tubers,Maize (new harvest),KG,actual,Retail,MWK,63.66,0.2195
2012,october,10/15/2012,Southern Region,Blantyre,Lunzu,-15.6528104,35.0207804,cereals and tubers,Maize (new harvest),KG,actual,Retail,MWK,58.05,0.1929
2012,november,11/15/2012,Southern Region,Blantyre,Lunzu,-15.6528104,35.0207804,cereals and tubers,Maize (new harvest),KG,actual,Retail,MWK,63.75,0.1992
2012,december,12/15/2012,Southern Region,Blantyre,Lunzu,-15.6528104,35.0207804,cereals and tubers,Maize (new harvest),KG,actual,Retail,MWK,84.5,0.2557
2013,january,1/15/2013,Southern Region,Blantyre,Lunzu,-15.6528104,35.0207804,cereals and tubers,Maize (new harvest),KG,actual,Retail,MWK,92.06,0.2877
2013,february,2/15/2013,Southern Region,Blantyre,Lunzu,-15.6528104,35.0207804,cereals and tubers,Maize (new harvest),KG,actual,Retail,MWK,126.75,0.3473
2013,march,3/15/2013,Southern Region,Blantyre,Lunzu,-15.6528104,35.0207804,cereals and tubers,Maize (new harvest),KG,actual,Retail,MWK,175.53,0.4809
2013,april,4/15/2013,Southern Region,Blantyre,Lunzu,-15.6528104,35.0207804,cereals and tubers,Maize (new harvest),KG,actual,Retail,MWK,106.2,0.2723
2013,may,5/15/2013,Southern Region,Blantyre,Lunzu,-15.6528104,35.0207804,cereals and tubers,Maize (new harvest),KG,actual,Retail,MWK,81.98,0.2369
2013,june,6/15/2013,Southern Region,Blantyre,Lunzu,-15.6528104,35.0207804,cereals and tubers,Maize (new harvest),KG,actual,Retail,MWK,90.32,0.2718
2013,july,7/15/2013,Southern Region,Blantyre,Lunzu,-15.6528104,35.0207804,cereals and tubers,Maize (new harvest),KG,actual,Retail,MWK,115.62,0.3558
2013,august,8/15/2013,Southern Region,Blantyre,Lunzu,-15.6528104,35.0207804,cereals and tubers,Maize (new harvest),KG,actual,Retail,MWK,142.75,0.4461
2013,september,9/15/2013,Southern Region,Blantyre,Lunzu,-15.6528104,35.0207804,cereals and tubers,Maize (new harvest),KG,actual,Retail,MWK,129.8,0.3661
2013,october,10/15/2013,Southern Region,Blantyre,Lunzu,-15.6528104,35.0207804,cereals and tubers,Maize (new harvest),KG,actual,Retail,MWK,129.49,0.3648
2013,november,11/15/2013,
2013,december,12/15/2013,Southern Region,Blantyre,Lunzu,-15.6528104,35.0207804,cereals and tubers,Maize (new harvest),KG,actual,Retail,MWK,161.9,0.3799
2014,january,1/15/2014,Southern Region,Blantyre,Lunzu,-15.6528104,35.0207804,cereals and tubers,Maize (new harvest),KG,actual,Retail,MWK,157.67,0.3583
2014,february,2/15/2014,Southern Region,Blantyre,Lunzu,-15.6528104,35.0207804,cereals and tubers,Maize (new harvest),KG,actual,Retail,MWK,126.7,0.2955
2014,march,3/15/2014,Southern Region,Blantyre,Lunzu,-15.6528104,35.0207804,cereals and tubers,Maize (new harvest),KG,actual,Retail,MWK,115.45,0.277
2014,april,4/15/2014,Southern Region,Blantyre,Lunzu,-15.6528104,35.0207804,cereals and tubers,Maize (new harvest),KG,actual,Retail,MWK,67.22,0.1746
2014,may,5/15/2014,
2014,june,6/15/2014,Southern Region,Blantyre,Lunzu,-15.6528104,35.0207804,cereals and tubers,Maize (new harvest),KG,actual,Retail,MWK,74.52,0.1872
2014,july,7/15/2014,Southern Region,Blantyre,Lunzu,-15.6528104,35.0207804,cereals and tubers,Maize (new harvest),KG,actual,Retail,MWK,76.91,0.1998
2014,august,8/15/2014,Southern Region,Blantyre,Lunzu,-15.6528104,35.0207804,cereals and tubers,Maize (new harvest),KG,actual,Retail,MWK,77.49,0.2013
2014,september,9/15/2014,Southern Region,Blantyre,Lunzu,-15.6528104,35.0207804,cereals and tubers,Maize (new harvest),KG,actual,Retail,MWK,79.73,0.2071
2014,october,10/15/2014,Southern Region,Blantyre,Lunzu,-15.6528104,35.0207804,cereals and tubers,Maize (new harvest),KG,actual,Retail,MWK,76.28,0.1832
2014,.november,11/15/2014,
2014,december,12/15/2014,Southern Region,Blantyre,Lunzu,-15.6528104,35.0207804,cereals and tubers,Maize (new harvest),KG,actual,Retail,MWK,92.13,0.1957
2015,january,1/15/2015,
2015,february,2/15/2015,Southern Region,Blantyre,Lunzu,-15.6528104,35.0207804,cereals and tubers,Maize (new harvest),KG,actual,Retail,MWK,100.56,0.2242
2015,march,3/15/2015,
2015,april,4/15/2015,
2015,may,5/15/2015,Southern Region,Blantyre,Lunzu,-15.6528104,35.0207804,cereals and tubers,Maize (new harvest),KG,actual,Retail,MWK,122.79,0.2854
2015,june,6/15/2015,Southern Region,Blantyre,Lunzu,-15.6528104,35.0207804,cereals and tubers,Maize (new harvest),KG,actual,Retail,MWK,135,0.316
2015,july,7/15/2015,Southern Region,Blantyre,Lunzu,-15.6528104,35.0207804,cereals and tubers,Maize (new harvest),KG,actual,Retail,MWK,133.34,0.2984
2015,august,8/15/2015,Southern Region,Blantyre,Lunzu,-15.6528104,35.0207804,cereals and tubers,Maize (new harvest),KG,actual,Retail,MWK,154.21,0.2866
2015,september,9/15/2015,Southern Region,Blantyre,Lunzu,-15.6528104,35.0207804,cereals and tubers,Maize (new harvest),KG,actual,Retail,MWK,149.75,0.2695
2015,october,10/15/2015,Southern Region,Blantyre,Lunzu,-15.6528104,35.0207804,cereals and tubers,Maize (new harvest),KG,actual,Retail,MWK,155.97,0.2839
2015,november,11/15/2015,Southern Region,Blantyre,Lunzu,-15.6528104,35.0207804,cereals and tubers,Maize (new harvest),KG,actual,Retail,MWK,169.4,0.2879
2015,december,12/15/2015,Southern Region,Blantyre,Lunzu,-15.6528104,35.0207804,cereals and tubers,Maize (new harvest),KG,"actual,aggregate",Retail,MWK,188.55,0.3051
2016,january,1/15/2016,Southern Region,Blantyre,Lunzu,-15.6528104,35.0207804,cereals and tubers,Maize (new harvest),KG,"actual,aggregate",Retail,MWK,227.12,0.3302
2016,february,2/15/2016,Southern Region,Blantyre,Lunzu,-15.6528104,35.0207804,cereals and tubers,Maize (new harvest),KG,"actual,aggregate",Retail,MWK,269.6,0.3648
2016,march,3/15/2016,Southern Region,Blantyre,Lunzu,-15.6528104,35.0207804,cereals and tubers,Maize (new harvest),KG,"actual,aggregate",Retail,MWK,258.87,0.3761
2016,april,4/15/2016,Southern Region,Blantyre,Lunzu,-15.6528104,35.0207804,cereals and tubers,Maize (new harvest),KG,"actual,aggregate",Retail,MWK,175.57,0.2596
2016,may,5/15/2016,Southern Region,Blantyre,Lunzu,-15.6528104,35.0207804,cereals and tubers,Maize (new harvest),KG,"actual,aggregate",Retail,MWK,194.95,0.2775
2016,june,6/15/2016,Southern Region,Blantyre,Lunzu,-15.6528104,35.0207804,cereals and tubers,Maize (new harvest),KG,"actual,aggregate",Retail,MWK,249.21,0.355
2016,july,7/15/2016,Southern Region,Blantyre,Lunzu,-15.6528104,35.0207804,cereals and tubers,Maize (new harvest),KG,"actual,aggregate",Retail,MWK,240.6,0.3412
2016,august,8/15/2016,Southern Region,Blantyre,Lunzu,-15.6528104,35.0207804,cereals and tubers,Maize (new harvest),KG,"actual,aggregate",Retail,MWK,238.38,0.3357
2016,september,9/15/2016,Southern Region,Blantyre,Lunzu,-15.6528104,35.0207804,cereals and tubers,Maize (new harvest),KG,"actual,aggregate",Retail,MWK,237.57,0.3335
2016,october,10/15/2016,Southern Region,Blantyre,Lunzu,-15.6528104,35.0207804,cereals and tubers,Maize (new harvest),KG,"actual,aggregate",Retail,MWK,237.84,0.3278
2016,november,11/15/2016,Southern Region,Blantyre,Lunzu,-15.6528104,35.0207804,cereals and tubers,Maize (new harvest),KG,"actual,aggregate",Retail,MWK,245.7,0.3449
2016,december,12/15/2016,Southern Region,Blantyre,Lunzu,-15.6528104,35.0207804,cereals and tubers,Maize (new harvest),KG,"actual,aggregate",Retail,MWK,241.15,0.3368
2016,may,5/15/2016,Southern Region,Blantyre,Lirangwe,-15.5283598,35.0234066,cereals and tubers,Maize (new harvest),KG,aggregate,Retail,MWK,240,0.3416
2016,june,6/15/2016,Southern Region,Blantyre,Lirangwe,-15.5283598,35.0234066,cereals and tubers,Maize (new harvest),KG,aggregate,Retail,MWK,246,0.3504
2016,july,7/15/2016,Southern Region,Blantyre,Lirangwe,-15.5283598,35.0234066,cereals and tubers,Maize (new harvest),KG,aggregate,Retail,MWK,256.77,0.3642
2016,august,8/15/2016,Southern Region,Blantyre,Lirangwe,-15.5283598,35.0234066,cereals and tubers,Maize (new harvest),KG,aggregate,Retail,MWK,245,0.3451
2016,september,9/15/2016,Southern Region,Blantyre,Lirangwe,-15.5283598,35.0234066,cereals and tubers,Maize (new harvest),KG,aggregate,Retail,MWK,251.67,0.3533
2016,october,10/15/2016,Southern Region,Blantyre,Lirangwe,-15.5283598,35.0234066,cereals and tubers,Maize (new harvest),KG,aggregate,Retail,MWK,238.96,0.3294
2016,november,11/15/2016,Southern Region,Blantyre,Lirangwe,-15.5283598,35.0234066,cereals and tubers,Maize (new harvest),KG,aggregate,Retail,MWK,242,0.3397
2016,december,12/15/2016,Southern Region,Blantyre,Lirangwe,-15.5283598,35.0234066,cereals and tubers,Maize (new harvest),KG,aggregate,Retail,MWK,240,0.3352
2017,january,1/15/2017,Southern Region,Blantyre,Lunzu,-15.6528104,35.0207804,cereals and tubers,Maize (new harvest),KG,"actual,aggregate",Retail,MWK,238.5,0.3271
2017,february,2/15/2017,Southern Region,Blantyre,Lunzu,-15.6528104,35.0207804,cereals and tubers,Maize (new harvest),KG,"actual,aggregate",Retail,MWK,212.48,0.2967
2017,march,3/15/2017,Southern Region,Blantyre,Lunzu,-15.6528104,35.0207804,cereals and tubers,Maize (new harvest),KG,"actual,aggregate",Retail,MWK,196.53,0.2744
2017,april,4/15/2017,Southern Region,Blantyre,Lunzu,-15.6528104,35.0207804,cereals and tubers,Maize (new harvest),KG,"actual,aggregate",Retail,MWK,159.38,0.2179
2017,may,5/15/2017,Southern Region,Blantyre,Lunzu,-15.6528104,35.0207804,cereals and tubers,Maize (new harvest),KG,"actual,aggregate",Retail,MWK,105.27,0.1467
2017,june,6/15/2017,Southern Region,Blantyre,Lunzu,-15.6528104,35.0207804,cereals and tubers,Maize (new harvest),KG,"actual,aggregate",Retail,MWK,96.67,0.1349
2017,july,7/15/2017,Southern Region,Blantyre,Lunzu,-15.6528104,35.0207804,cereals and tubers,Maize (new harvest),KG,"actual,aggregate",Retail,MWK,95.24,0.1306
2017,august,8/15/2017,Southern Region,Blantyre,Lunzu,-15.6528104,35.0207804,cereals and tubers,Maize (new harvest),KG,"actual,aggregate",Retail,MWK,101.58,0.1419
2017,september,9/15/2017,Southern Region,Blantyre,Lunzu,-15.6528104,35.0207804,cereals and tubers,Maize (new harvest),KG,"actual,aggregate",Retail,MWK,108.12,0.151
2017,october,10/15/2017,Southern Region,Blantyre,Lunzu,-15.6528104,35.0207804,cereals and tubers,Maize (new harvest),KG,"actual,aggregate",Retail,MWK,109.83,0.1502
2017,november,11/15/2017,Southern Region,Blantyre,Lunzu,-15.6528104,35.0207804,cereals and tubers,Maize (new harvest),KG,"actual,aggregate",Retail,MWK,105.75,0.1475
2017,december,12/15/2017,
2017,january,1/15/2017,Southern Region,Blantyre,Lirangwe,-15.5283598,35.0234066,cereals and tubers,Maize (new harvest),KG,aggregate,Retail,MWK,237.1,0.3252
2017,february,2/15/2017,Southern Region,Blantyre,Lirangwe,-15.5283598,35.0234066,cereals and tubers,Maize (new harvest),KG,aggregate,Retail,MWK,220.36,0.3077
2017,march,3/15/2017,Southern Region,Blantyre,Lirangwe,-15.5283598,35.0234066,cereals and tubers,Maize (new harvest),KG,aggregate,Retail,MWK,187.74,0.2621
2017,april,4/15/2017,Southern Region,Blantyre,Lirangwe,-15.5283598,35.0234066,cereals and tubers,Maize (new harvest),KG,aggregate,Retail,MWK,142.67,0.1951
2017,may,5/15/2017,Southern Region,Blantyre,Lirangwe,-15.5283598,35.0234066,cereals and tubers,Maize (new harvest),KG,aggregate,Retail,MWK,105,0.1463
2017,june,6/15/2017,Southern Region,Blantyre,Lirangwe,-15.5283598,35.0234066,cereals and tubers,Maize (new harvest),KG,aggregate,Retail,MWK,97.31,0.1357
2017,july,7/15/2017,Southern Region,Blantyre,Lirangwe,-15.5283598,35.0234066,cereals and tubers,Maize (new harvest),KG,aggregate,Retail,MWK,97.74,0.134
2017,august,8/15/2017,Southern Region,Blantyre,Lirangwe,-15.5283598,35.0234066,cereals and tubers,Maize (new harvest),KG,aggregate,Retail,MWK,100,0.1397
2017,september,9/15/2017,Southern Region,Blantyre,Lirangwe,-15.5283598,35.0234066,cereals and tubers,Maize (new harvest),KG,aggregate,Retail,MWK,106.67,0.1489
2017,october,10/15/2017,Southern Region,Blantyre,Lirangwe,-15.5283598,35.0234066,cereals and tubers,Maize (new harvest),KG,aggregate,Retail,MWK,110,0.1505
2017,november,11/15/2017,Southern Region,Blantyre,Lirangwe,-15.5283598,35.0234066,cereals and tubers,Maize (new harvest),KG,aggregate,Retail,MWK,104,0.145
2017,december,12/15/2017,Southern Region,Blantyre,Lirangwe,-15.5283598,35.0234066,cereals and tubers,Maize (new harvest),KG,aggregate,Retail,MWK,97.74,0.137
2017,december,12/15/2017,Southern Region,Blantyre,Lunzu,-15.6528104,35.0207804,cereals and tubers,Maize (new harvest),KG,"actual,aggregate",Retail,MWK,103.08,0.1445
2018,january,1/15/2018,Southern Region,Blantyre,Lirangwe,-15.5283598,35.0234066,cereals and tubers,Maize (new harvest),KG,aggregate,Retail,MWK,122,0.171
2018,february,2/15/2018,Southern Region,Blantyre,Lirangwe,-15.5283598,35.0234066,cereals and tubers,Maize (new harvest),KG,aggregate,Retail,MWK,128.33,0.1796
2018,march,3/15/2018,Southern Region,Blantyre,Lirangwe,-15.5283598,35.0234066,cereals and tubers,Maize (new harvest),KG,aggregate,Retail,MWK,125.16,0.1754
2018,april,4/15/2018,Southern Region,Blantyre,Lirangwe,-15.5283598,35.0234066,cereals and tubers,Maize (new harvest),KG,aggregate,Retail,MWK,108.5,0.1482
2018,may,5/15/2018,Southern Region,Blantyre,Lirangwe,-15.5283598,35.0234066,cereals and tubers,Maize (new harvest),KG,aggregate,Retail,MWK,105.81,0.1482
2018,june,6/15/2018,Southern Region,Blantyre,Lirangwe,-15.5283598,35.0234066,cereals and tubers,Maize (new harvest),KG,aggregate,Retail,MWK,117.67,0.1649
2018,july,7/15/2018,Southern Region,Blantyre,Lirangwe,-15.5283598,35.0234066,cereals and tubers,Maize (new harvest),KG,aggregate,Retail,MWK,132.74,0.1815
2018,august,8/15/2018,Southern Region,Blantyre,Lirangwe,-15.5283598,35.0234066,cereals and tubers,Maize (new harvest),KG,aggregate,Retail,MWK,140,0.1962
2018,september,9/15/2018,Southern Region,Blantyre,Lirangwe,-15.5283598,35.0234066,cereals and tubers,Maize (new harvest),KG,aggregate,Retail,MWK,136.67,0.1867
2018,october,10/15/2018,Southern Region,Blantyre,Lirangwe,-15.5283598,35.0234066,cereals and tubers,Maize (new harvest),KG,aggregate,Retail,MWK,150,0.2085
2018,november,11/15/2018,Southern Region,Blantyre,Lirangwe,-15.5283598,35.0234066,cereals and tubers,Maize (new harvest),KG,aggregate,Retail,MWK,154,0.2138
2018,december,12/15/2018,Southern Region,Blantyre,Lirangwe,-15.5283598,35.0234066,cereals and tubers,Maize (new harvest),KG,aggregate,Retail,MWK,175.97,0.2386
2018,january,1/15/2018,Southern Region,Blantyre,Lunzu,-15.6528104,35.0207804,cereals and tubers,Maize (new harvest),KG,"actual,aggregate",Retail,MWK,118.27,0.1658
2018,february,2/15/2018,Southern Region,Blantyre,Lunzu,-15.6528104,35.0207804,cereals and tubers,Maize (new harvest),KG,"actual,aggregate",Retail,MWK,141.22,0.1976
2018,march,3/15/2018,Southern Region,Blantyre,Lunzu,-15.6528104,35.0207804,cereals and tubers,Maize (new harvest),KG,"actual,aggregate",Retail,MWK,121.71,0.1706
2018,april,4/15/2018,Southern Region,Blantyre,Lunzu,-15.6528104,35.0207804,cereals and tubers,Maize (new harvest),KG,"actual,aggregate",Retail,MWK,114.1,0.1559
2018,may,5/15/2018,Southern Region,Blantyre,Lunzu,-15.6528104,35.0207804,cereals and tubers,Maize (new harvest),KG,"actual,aggregate",Retail,MWK,115.58,0.1619
2018,june,6/15/2018,Southern Region,Blantyre,Lunzu,-15.6528104,35.0207804,cereals and tubers,Maize (new harvest),KG,"actual,aggregate",Retail,MWK,120.28,0.1686
2018,july,7/15/2018,Southern Region,Blantyre,Lunzu,-15.6528104,35.0207804,cereals and tubers,Maize (new harvest),KG,"actual,aggregate",Retail,MWK,132.41,0.1811
2018,august,8/15/2018,Southern Region,Blantyre,Lunzu,-15.6528104,35.0207804,cereals and tubers,Maize (new harvest),KG,"actual,aggregate",Retail,MWK,139.8,0.1959
2018,september,9/15/2018,Southern Region,Blantyre,Lunzu,-15.6528104,35.0207804,cereals and tubers,Maize (new harvest),KG,"actual,aggregate",Retail,MWK,142.62,0.1948
2018,october,10/15/2018,Southern Region,Blantyre,Lunzu,-15.6528104,35.0207804,cereals and tubers,Maize (new harvest),KG,"actual,aggregate",Retail,MWK,146.77,0.2041
2018,november,11/15/2018,Southern Region,Blantyre,Lunzu,-15.6528104,35.0207804,cereals and tubers,Maize (new harvest),KG,"actual,aggregate",Retail,MWK,155.6,0.216
2018,december,12/15/2018,Southern Region,Blantyre,Lunzu,-15.6528104,35.0207804,cereals and tubers,Maize (new harvest),KG,"actual,aggregate",Retail,MWK,164.87,0.2236
2019,january,1/15/2019,Southern Region,Blantyre,Lunzu,-15.6528104,35.0207804,cereals and tubers,Maize (new harvest),KG,"actual,aggregate",Retail,MWK,202.39,0.2812
2019,february,2/15/2019,Southern Region,Blantyre,Lunzu,-15.6528104,35.0207804,cereals and tubers,Maize (new harvest),KG,"actual,aggregate",Retail,MWK,193.72,0.2691
2019,march,3/15/2019,Southern Region,Blantyre,Lunzu,-15.6528104,35.0207804,cereals and tubers,Maize (new harvest),KG,"actual,aggregate",Retail,MWK,217.66,0.3024
2019,april,4/15/2019,Southern Region,Blantyre,Lirangwe,-15.5283598,35.0234066,cereals and tubers,Maize (new harvest),KG,"actual,aggregate",Retail,MWK,158.75,0.2196
2019,april,4/15/2019,Southern Region,Blantyre,Lunzu,-15.6528104,35.0207804,cereals and tubers,Maize (new harvest),KG,"actual,aggregate",Retail,MWK,159.74,0.221
2019,may,5/15/2019,Southern Region,Blantyre,Lirangwe,-15.5283598,35.0234066,cereals and tubers,Maize (new harvest),KG,"actual,aggregate",Retail,MWK,144.42,0.1984
2019,may,5/15/2019,Southern Region,Blantyre,Lunzu,-15.6528104,35.0207804,cereals and tubers,Maize (new harvest),KG,"actual,aggregate",Retail,MWK,142.42,0.1956
2019,june,6/15/2019,Southern Region,Blantyre,Lirangwe,-15.5283598,35.0234066,cereals and tubers,Maize (new harvest),KG,"actual,aggregate",Retail,MWK,166.67,0.2154
2019,june,6/15/2019,Southern Region,Blantyre,Lunzu,-15.6528104,35.0207804,cereals and tubers,Maize (new harvest),KG,"actual,aggregate",Retail,MWK,161.76,0.2091
2019,july,7/15/2019,Southern Region,Blantyre,Lirangwe,-15.5283598,35.0234066,cereals and tubers,Maize (new harvest),KG,"actual,aggregate",Retail,MWK,206.87,0.2713
2019,july,7/15/2019,Southern Region,Blantyre,Lunzu,-15.6528104,35.0207804,cereals and tubers,Maize (new harvest),KG,"actual,aggregate",Retail,MWK,223.88,0.2936
2019,august,8/15/2019,Southern Region,Blantyre,Lunzu,-15.6528104,35.0207804,cereals and tubers,Maize (new harvest),KG,"actual,aggregate",Retail,MWK,236.74,0.3276
2019,september,9/15/2019,Southern Region,Blantyre,Lunzu,-15.6528104,35.0207804,cereals and tubers,Maize (new harvest),KG,"actual,aggregate",Retail,MWK,242.99,0.3287
2019,october,10/15/2019,Southern Region,Blantyre,Lunzu,-15.6528104,35.0207804,cereals and tubers,Maize (new harvest),KG,"actual,aggregate",Retail,MWK,255.34,0.3511
2019,november,11/15/2019,Southern Region,Blantyre,Lunzu,-15.6528104,35.0207804,cereals and tubers,Maize (new harvest),KG,"actual,aggregate",Retail,MWK,288.1,0.3958
2019,december,12/15/2019,Southern Region,Blantyre,Lunzu,-15.6528104,35.0207804,cereals and tubers,Maize (new harvest),KG,"actual,aggregate",Retail,MWK,300.79,0.4063
2019,january,1/15/2019,Southern Region,Blantyre,Lirangwe,-15.5283598,35.0234066,cereals and tubers,Maize (new harvest),KG,aggregate,Retail,MWK,215.56,0.2995
2019,february,2/15/2019,Southern Region,Blantyre,Lirangwe,-15.5283598,35.0234066,cereals and tubers,Maize (new harvest),KG,aggregate,Retail,MWK,180,0.2501
2019,march,3/15/2019,Southern Region,Blantyre,Lirangwe,-15.5283598,35.0234066,cereals and tubers,Maize (new harvest),KG,aggregate,Retail,MWK,211.61,0.294
2019,august,8/15/2019,Southern Region,Blantyre,Lirangwe,-15.5283598,35.0234066,cereals and tubers,Maize (new harvest),KG,aggregate,Retail,MWK,220.62,0.3053
2019,september,9/15/2019,Southern Region,Blantyre,Lirangwe,-15.5283598,35.0234066,cereals and tubers,Maize (new harvest),KG,aggregate,Retail,MWK,237.17,0.3208
2019,october,10/15/2019,Southern Region,Blantyre,Lirangwe,-15.5283598,35.0234066,cereals and tubers,Maize (new harvest),KG,aggregate,Retail,MWK,253.89,0.3491
2019,november,11/15/2019,Southern Region,Blantyre,Lirangwe,-15.5283598,35.0234066,cereals and tubers,Maize (new harvest),KG,aggregate,Retail,MWK,280,0.3847
2019,december,12/15/2019,Southern Region,Blantyre,Lirangwe,-15.5283598,35.0234066,cereals and tubers,Maize (new harvest),KG,aggregate,Retail,MWK,306.55,0.4141
2020,january,1/15/2020,Southern Region,Blantyre,Lirangwe,-15.5283598,35.0234066,cereals and tubers,Maize (new harvest),KG,aggregate,Retail,MWK,342.69,0.4714
2020,january,1/15/2020,Southern Region,Blantyre,Lunzu,-15.6528104,35.0207804,cereals and tubers,Maize (new harvest),KG,aggregate,Retail,MWK,337.31,0.464
2020,february,2/15/2020,Southern Region,Blantyre,Lirangwe,-15.5283598,35.0234066,cereals and tubers,Maize (new harvest),KG,aggregate,Retail,MWK,307.24,0.4146
2020,february,2/15/2020,Southern Region,Blantyre,Lunzu,-15.6528104,35.0207804,cereals and tubers,Maize (new harvest),KG,aggregate,Retail,MWK,338.62,0.4569
2020,march,3/15/2020,Southern Region,Blantyre,Lirangwe,-15.5283598,35.0234066,cereals and tubers,Maize (new harvest),KG,aggregate,Retail,MWK,306.82,0.414
2020,march,3/15/2020,Southern Region,Blantyre,Lunzu,-15.6528104,35.0207804,cereals and tubers,Maize (new harvest),KG,aggregate,Retail,MWK,265.45,0.3582
2020,april,4/15/2020,Southern Region,Blantyre,Lunzu,-15.6528104,35.0207804,cereals and tubers,Maize (new harvest),KG,"actual,aggregate",Retail,MWK,178.34,0.2446
2020,april,4/15/2020,Southern Region,Blantyre,Lirangwe,-15.5283598,35.0234066,cereals and tubers,Maize (new harvest),KG,aggregate,Retail,MWK,170,0.2331
2020,may,5/15/2020,Southern Region,Blantyre,Lirangwe,-15.5283598,35.0234066,cereals and tubers,Maize (new harvest),KG,aggregate,Retail,MWK,176.67,0.2427
2020,may,5/15/2020,Southern Region,Blantyre,Lunzu,-15.6528104,35.0207804,cereals and tubers,Maize (new harvest),KG,aggregate,Retail,MWK,183.33,0.2519
2020,june,6/15/2020,Southern Region,Blantyre,Lunzu,-15.6528104,35.0207804,cereals and tubers,Maize (new harvest),KG,aggregate,Retail,MWK,185.33,0.2519
2020,july,7/15/2020,Southern Region,Blantyre,Lunzu,-15.6528104,35.0207804,cereals and tubers,Maize (new harvest),KG,aggregate,Retail,MWK,188.33,0.2519
2020,august,8/15/2020,Southern Region,Blantyre,Lunzu,-15.6528104,35.0207804,cereals and tubers,Maize (new harvest),KG,aggregate,Retail,MWK,194.33,0.2519
2020,september,9/15/2020,Southern Region,Blantyre,Lunzu,-15.6528104,35.0207804,cereals and tubers,Maize (new harvest),KG,aggregate,Retail,MWK,199.33,0.2519
2020,october,10/15/2020,Southern Region,Blantyre,Lunzu,-15.6528104,35.0207804,cereals and tubers,Maize (new harvest),KG,aggregate,Retail,MWK,206.33,0.2519